bldg_id,peak_kw,coincident_day,pt_0_ratio,pt_1_ratio,pt_2_ratio,pt_3_ratio,pt_4_ratio,pt_5_ratio,pt_6_ratio,pt_7_ratio,pt_8_ratio,pt_9_ratio,pt_10_ratio,pt_11_ratio,pt_12_ratio,pt_13_ratio,pt_14_ratio,pt_15_ratio,pt_16_ratio,pt_17_ratio,pt_18_ratio,pt_19_ratio,pt_20_ratio,pt_21_ratio,pt_22_ratio,pt_23_ratio,pt_24_ratio,pt_25_ratio,pt_26_ratio,pt_27_ratio,pt_28_ratio,pt_29_ratio,pt_30_ratio,pt_31_ratio,pt_32_ratio,pt_33_ratio,pt_34_ratio,pt_35_ratio,pt_36_ratio,pt_37_ratio,pt_38_ratio,pt_39_ratio,pt_40_ratio,pt_41_ratio,pt_42_ratio,pt_43_ratio,pt_44_ratio,pt_45_ratio,pt_46_ratio,pt_47_ratio,pt_48_ratio,pt_49_ratio,pt_50_ratio,pt_51_ratio,pt_52_ratio,pt_53_ratio,pt_54_ratio,pt_55_ratio,pt_56_ratio,pt_57_ratio,pt_58_ratio,pt_59_ratio,pt_60_ratio,pt_61_ratio,pt_62_ratio,pt_63_ratio,pt_64_ratio,pt_65_ratio,pt_66_ratio,pt_67_ratio,pt_68_ratio,pt_69_ratio,pt_70_ratio,pt_71_ratio,pt_72_ratio,pt_73_ratio,pt_74_ratio,pt_75_ratio,pt_76_ratio,pt_77_ratio,pt_78_ratio,pt_79_ratio,pt_80_ratio,pt_81_ratio,pt_82_ratio,pt_83_ratio,pt_84_ratio,pt_85_ratio,pt_86_ratio,pt_87_ratio,pt_88_ratio,pt_89_ratio,pt_90_ratio,pt_91_ratio,pt_92_ratio,pt_93_ratio,pt_94_ratio,pt_95_ratio
27719,8.42492,2018-07-02,0.1597641259431839,0.15810713171958923,0.1571100950241089,0.15616528689861298,0.1552726775407791,0.15238600969314575,0.15123704075813293,0.15015454590320587,0.1491195112466812,0.14878717064857483,0.14777588844299316,0.1468120664358139,0.1458909958600998,0.14386843144893646,0.14311827719211578,0.1423918604850769,0.14170342683792114,0.14144229888916016,0.4360872209072113,0.24271802604198456,0.4368041157722473,1.0,0.41408106684684753,0.20933611690998077,0.4213167726993561,0.18511748313903809,0.19709622859954834,0.7439975142478943,0.24468837678432465,0.203819140791893,0.44006115198135376,0.21523290872573853,0.27308031916618347,0.38608792424201965,0.40738189220428467,0.17556487023830414,0.1827293336391449,0.18317562341690063,0.23141822218894958,0.3213419020175934,0.3103032410144806,0.43929675221443176,0.1948932409286499,0.19663093984127045,0.5243539810180664,0.39053189754486084,0.4733813405036926,0.20369569957256317,0.20483992993831635,0.20090872049331665,0.46646377444267273,0.20512479543685913,0.48595356941223145,0.49242961406707764,0.22337540984153748,0.3791371285915375,0.3025120794773102,0.22621461749076843,0.4623141586780548,0.3576437532901764,0.3245799243450165,0.2335832118988037,0.30804330110549927,0.38874197006225586,0.34308692812919617,0.362234890460968,0.46192485094070435,0.2852585017681122,0.2852632403373718,0.2835065424442291,0.2720073461532593,0.45581915974617004,0.5883877873420715,0.6230230927467346,0.3666313588619232,0.596131443977356,0.3976156413555145,0.5060890913009644,0.5770642161369324,0.41601818799972534,0.39907321333885193,0.4024014174938202,0.40444299578666687,0.3849816918373108,0.3489362299442291,0.30857980251312256,0.4072442054748535,0.22978496551513672,0.24344918131828308,0.3774469196796417,0.18353645503520966,0.1814616620540619,0.17957203090190887,0.1737939417362213,0.16911733150482178,0.16678614914417267
13035,2.3756,2018-07-02,0.553611695766449,0.5427513122558594,0.5319245457649231,0.5145646929740906,0.5055733323097229,0.49205252528190613,0.4806532859802246,0.4697928726673126,0.459420770406723,0.4492843747138977,0.43906381726264954,0.42921364307403564,0.41975077986717224,0.4101700484752655,0.40205422043800354,0.3934500515460968,0.387556791305542,0.3815962076187134,0.3758545219898224,0.3747432231903076,0.3754672408103943,0.3826906681060791,0.3918673098087311,0.4210641384124756,0.4282875657081604,0.4581410586833954,0.600673496723175,0.6472301483154297,0.5904024243354797,0.5983330011367798,0.6110119223594666,0.6266374588012695,0.634096622467041,0.612864077091217,0.6211482882499695,0.5992254018783569,0.6136555075645447,0.6228152513504028,0.6331200003623962,0.643778383731842,0.6541504859924316,0.6642700433731079,0.6762754321098328,0.6917662620544434,0.7085367441177368,0.7132008671760559,0.7204411029815674,0.7513386011123657,0.7542683482170105,0.7548408508300781,0.7309142351150513,0.7316719889640808,0.706802487373352,0.7087051272392273,0.710355281829834,0.7120053768157959,0.7136554718017578,0.7160969376564026,0.722545862197876,0.7561878561973572,0.7577201128005981,0.7601447701454163,0.7610371708869934,0.7659707069396973,0.7662400603294373,0.7683447599411011,0.7757366299629211,0.8239938616752625,0.8173766136169434,0.7877083420753479,0.7876073122024536,0.8046640753746033,0.8557164072990417,0.8559690117835999,0.8588145971298218,0.8889880180358887,0.8972722887992859,0.9481057524681091,0.9502777457237244,0.9968512654304504,0.9912442564964294,0.9860413074493408,0.9855026006698608,1.0,0.99668288230896,0.9900993704795837,0.9626704454421997,0.8133860230445862,0.8526182770729065,0.7218723297119141,0.712864100933075,0.6710219979286194,0.6679070591926575,0.6632429361343384,0.6576696634292603,0.6127293705940247
8328,2.4604,2018-07-02,0.4723784625530243,0.4685579538345337,0.46532270312309265,0.46202242374420166,0.45860835909843445,0.45083725452423096,0.44456180930137634,0.4382864236831665,0.4286782741546631,0.42188259959220886,0.4718582034111023,0.49338316917419434,0.4997723698616028,0.7182571887969971,0.7148430943489075,0.710372269153595,0.7059827446937561,0.7035928964614868,0.7017232179641724,0.699999988079071,0.6982929706573486,0.12597951292991638,0.12654852867126465,0.12716631591320038,0.1413591206073761,0.2629978656768799,0.30201593041419983,0.31030726432800293,0.4150056838989258,0.46953341364860535,0.49787023663520813,0.5196715593338013,0.5568037033081055,0.582051694393158,0.5859047174453735,0.5543813705444336,0.5686879754066467,0.5821492075920105,0.595496654510498,0.6080149412155151,0.6205169558525085,0.631279468536377,0.6432449817657471,0.6560071110725403,0.6698747873306274,0.6821329593658447,0.6927165985107422,0.7045032978057861,0.7205820083618164,0.7375548481941223,0.7326613068580627,0.7434563040733337,0.7638757228851318,0.9119330048561096,0.9132173657417297,0.9141440391540527,0.9202405214309692,0.9233782291412354,0.9250690937042236,0.9267923831939697,0.9589497447013855,0.967988908290863,0.9934481382369995,1.0,0.9861810207366943,0.9956754446029663,0.9956591725349426,0.986863911151886,0.9878556132316589,0.9792066216468811,0.9765891432762146,0.9739879369735718,0.9955453872680664,0.2628840506076813,0.3153470754623413,0.9078848958015442,0.8531619906425476,0.8077710270881653,0.8134775161743164,0.819443941116333,0.8198016285896301,0.8207607865333557,0.8218013048171997,0.8217687606811523,0.7695496082305908,0.7058851718902588,0.6863273978233337,0.6776946783065796,0.6413590908050537,0.6366444230079651,0.6279628872871399,0.6206795573234558,0.6129084229469299,0.5797268748283386,0.5691269636154175,0.5608030557632446
85457,2.08104,2018-07-02,0.47180259227752686,0.45925116539001465,0.4485257565975189,0.4393956959247589,0.43076542019844055,0.41448506712913513,0.4037596881389618,0.3929573893547058,0.38240495324134827,0.3741014301776886,0.3633183538913727,0.35268905758857727,0.34223273396492004,0.3286818265914917,0.3202821910381317,0.3113059103488922,0.30263715982437134,0.2943336069583893,0.2872602343559265,0.2827240526676178,0.2795141041278839,0.2847422659397125,0.28885558247566223,0.2936416566371918,0.3000423014163971,0.3186291456222534,0.334659606218338,0.38326990604400635,0.4289394021034241,0.44616156816482544,0.4830085039138794,0.533137321472168,0.5765771269798279,0.6196324825286865,0.6543651819229126,0.6848691701889038,0.7122976779937744,0.7269250750541687,0.7423980832099915,0.7763041853904724,0.7952178120613098,0.7960827350616455,0.8006381988525391,0.8050013780593872,0.8096144199371338,0.814900279045105,0.8185330629348755,0.822780966758728,0.8267597556114197,0.8328143954277039,0.8383885025978088,0.8444239497184753,0.8503056764602661,0.8522469997406006,0.8543421030044556,0.857936441898346,0.8606081604957581,0.8636451363563538,0.8655864596366882,0.8707185387611389,0.8738515377044678,0.8771768808364868,0.8775420188903809,0.8819628953933716,0.9131588935852051,0.9392035007476807,0.9393572807312012,0.9954062104225159,0.9739170074462891,0.9503902196884155,0.9475262761116028,0.9675354957580566,0.9730903506278992,0.9769923090934753,0.9738016128540039,0.9945028424263,1.0,0.9836236834526062,0.9763195514678955,0.9770308136940002,0.9074117541313171,0.8889209628105164,0.8845577836036682,0.8146504163742065,0.7866836190223694,0.7407450675964355,0.7098181843757629,0.6901549100875854,0.6652058959007263,0.6385269165039062,0.6176142692565918,0.5980663895606995,0.5797293782234192,0.5619305968284607,0.5477645993232727,0.5326567888259888
2125,1.21612,2018-07-02,0.387132853269577,0.38288983702659607,0.3797651529312134,0.37673914432525635,0.37377890944480896,0.36568760871887207,0.36118146777153015,0.35690557956695557,0.3528270423412323,0.35022860765457153,0.3461829423904419,0.34230175614356995,0.33865079283714294,0.3327960968017578,0.3299345374107361,0.32723745703697205,0.32440879940986633,0.32213926315307617,0.31980398297309875,0.3188171982765198,0.31848832964897156,0.3235207200050354,0.3374009132385254,0.3634509742259979,0.36614805459976196,0.3740420341491699,0.3852580189704895,0.40127620100975037,0.4093016982078552,0.41528794169425964,0.44150248169898987,0.48699140548706055,0.4748544692993164,0.4466993510723114,0.43498995900154114,0.42387261986732483,0.4704798758029938,0.4744926691055298,0.48034730553627014,0.48662957549095154,0.4921882450580597,0.4954774081707001,0.5028122067451477,0.5107719302177429,0.4988323450088501,0.46518436074256897,0.49064236879348755,0.5375785231590271,0.5243232846260071,0.49294474720954895,0.5020557045936584,0.5116929411888123,0.5227115750312805,0.5508996248245239,0.6011577844619751,0.6097095608711243,0.595007061958313,0.5587277412414551,0.5658323168754578,0.5730026364326477,0.5743840932846069,0.5993487238883972,0.6491464376449585,0.7114429473876953,0.8175837993621826,0.8199191093444824,0.7903825044631958,0.743446409702301,0.6778936386108398,0.6795381903648376,0.6883202195167542,0.707035481929779,0.7488076686859131,0.8615925312042236,0.8869190812110901,0.9386574029922485,0.93714439868927,0.9313225150108337,0.9531953930854797,1.0,0.9965792298316956,0.9517481327056885,0.9478998780250549,0.9451369643211365,0.939413845539093,0.9284939169883728,0.8682366609573364,0.7563069462776184,0.7480511665344238,0.7382165789604187,0.656251072883606,0.4991612434387207,0.47472286224365234,0.433411180973053,0.4273262619972229,0.4215702414512634
48041,6.75424,2018-07-02,0.42626261711120605,0.41239872574806213,0.4099884033203125,0.3969239890575409,0.3879340887069702,0.09275950491428375,0.4479142129421234,0.2644028067588806,0.27183517813682556,0.29184630513191223,0.2851482927799225,0.28090205788612366,0.2766558527946472,0.29811200499534607,0.5271947979927063,0.2906322479248047,0.28697824478149414,0.3126451075077057,0.3095240890979767,0.30712559819221497,0.3053252398967743,0.49634602665901184,0.39582839608192444,0.30526602268218994,0.3590337336063385,0.2791490852832794,0.5520443320274353,0.33436182141304016,0.47590845823287964,0.5030972957611084,0.3706471621990204,0.3433991074562073,0.5431255102157593,0.4429572820663452,0.37113869190216064,0.38676148653030396,0.39947056770324707,0.4025264084339142,0.7534467577934265,0.41588690876960754,0.42382267117500305,0.4249182641506195,0.4327533543109894,0.43534132838249207,0.4374200701713562,0.6945089101791382,0.4581477642059326,0.4717037081718445,0.47974011301994324,0.48871228098869324,0.4978976249694824,0.5082259178161621,0.7681337594985962,0.5238368511199951,0.5243876576423645,0.5228893160820007,0.8300445079803467,0.5778414607048035,0.5752002000808716,0.831756055355072,0.5892476439476013,0.6891315579414368,0.6893507242202759,0.6922762393951416,0.9370469450950623,0.6849327683448792,0.7223728895187378,1.0,0.7330920696258545,0.663512110710144,0.6366429924964905,0.696789026260376,0.7825484275817871,0.5844032764434814,0.5815961360931396,0.7294795513153076,0.7083017230033875,0.5853626728057861,0.5728608965873718,0.6163476705551147,0.6204695105552673,0.6058949828147888,0.8623501658439636,0.553453803062439,0.5506052374839783,0.5120694637298584,0.5017174482345581,0.7221182584762573,0.4855261445045471,0.4817122220993042,0.4798052906990051,0.4735810160636902,0.4705488681793213,0.4678601622581482,0.4660065472126007,0.46416473388671875
63240,8.81076,2018-07-02,0.24985361099243164,0.248904749751091,0.24844621121883392,0.24799223244190216,0.2475382536649704,0.24566327035427094,0.24452374875545502,0.24339331686496735,0.2422674298286438,0.24079196155071259,0.23952531814575195,0.23826776444911957,0.23690581321716309,0.23519878089427948,0.23425449430942535,0.23331473767757416,0.23271547257900238,0.23241128027439117,0.23187103867530823,0.2298780232667923,0.21465572714805603,0.22326339781284332,0.21872347593307495,0.21827402710914612,0.2976815104484558,0.27213090658187866,0.23735524713993073,0.2441832572221756,0.24840538203716278,0.25118377804756165,0.26719602942466736,0.27718836069107056,0.6683419346809387,0.99788898229599,1.0,0.9121211171150208,0.3520740866661072,0.2708279490470886,0.27211275696754456,0.27340662479400635,0.2732068598270416,0.2748049199581146,0.27722012996673584,0.27862298488616943,0.27850037813186646,0.27948102355003357,0.28210505843162537,0.28574153780937195,0.28824755549430847,0.2901679575443268,0.29186132550239563,0.29195666313171387,0.2943628132343292,0.29624688625335693,0.29690515995025635,0.29756343364715576,0.29892995953559875,0.29973354935646057,0.3003373146057129,0.30094113945961,0.3029659390449524,0.3054311275482178,0.30556729435920715,0.3309362828731537,0.3496860861778259,0.3526234030723572,0.3161906898021698,0.3106383681297302,0.3172529935836792,0.32202446460723877,0.3212617337703705,0.32049450278282166,0.32493454217910767,0.322755366563797,0.3189055323600769,0.31799301505088806,0.3210846781730652,0.3298240005970001,0.33139029145240784,0.3293064534664154,0.32787182927131653,0.32301414012908936,0.3161861300468445,0.31119677424430847,0.2984078824520111,0.28450214862823486,0.28057968616485596,0.2790769636631012,0.27307066321372986,0.2725440263748169,0.271404504776001,0.26894843578338623,0.2659838795661926,0.2585656940937042,0.25745338201522827,0.2563411295413971
326,1.98568,2018-07-02,0.5896418690681458,0.5803553462028503,0.5699206590652466,0.5633939504623413,0.55722975730896,0.5554772615432739,0.5473591089248657,0.5396841764450073,0.5322509407997131,0.21779945492744446,0.6376455426216125,0.39309456944465637,0.33737561106681824,0.4026429355144501,0.3907981216907501,0.3902542293071747,0.3892872929573059,0.3870512843132019,0.4833608567714691,0.4779823422431946,0.3977680206298828,0.405543714761734,0.4098344147205353,0.4130776524543762,0.4176906645298004,0.4367068409919739,0.4626123309135437,0.47600823640823364,0.49168044328689575,0.5472986698150635,0.5707465410232544,0.5919785499572754,0.6144595146179199,0.587848961353302,0.6243302226066589,0.6438701152801514,0.6624632477760315,0.6707425117492676,0.6656863689422607,0.6777728199958801,0.6889528632164001,0.7093791365623474,0.7207404971122742,0.7294226884841919,0.7370372414588928,0.7469078302383423,0.753354012966156,0.7587526440620422,0.7207807898521423,0.7495870590209961,0.7557108998298645,0.7596390247344971,0.7797832489013672,0.781294047832489,0.7843358516693115,0.7858265042304993,0.787317156791687,0.7728133201599121,0.7767011523246765,0.7780508399009705,0.7794407606124878,0.7853430509567261,0.7908424139022827,0.7910841703414917,0.8458361625671387,0.8195076584815979,0.8314129114151001,0.8313121795654297,0.861810564994812,0.8680552840232849,0.8946859240531921,0.9634181261062622,0.9567906260490417,0.9414608478546143,0.9930704236030579,0.9362636804580688,0.9337657690048218,0.9044760465621948,1.0,0.9948229193687439,0.98970627784729,0.9966762065887451,0.9856169819831848,0.918355405330658,0.9152129292488098,0.839208722114563,0.7856250405311584,0.7818178534507751,0.7780508399009705,0.7671527862548828,0.7144957780838013,0.711554765701294,0.6943314671516418,0.6745497584342957,0.6515854001045227,0.6409894824028015
5114,2.14636,2018-07-02,0.43144673109054565,0.48623719811439514,0.48424312472343445,0.48232361674308777,0.4810004234313965,0.47753408551216125,0.47516730427742004,0.47280046343803406,0.47045233845710754,0.46843960881233215,0.46581190824508667,0.4632214605808258,0.46066829562187195,0.4715891182422638,0.46980005502700806,0.46806687116622925,0.46566280722618103,0.42445817589759827,0.4239177107810974,0.418941855430603,0.4158482551574707,0.419929563999176,0.42373135685920715,0.42801767587661743,0.43273264169692993,0.4478279650211334,0.4733595848083496,0.4859762489795685,0.4943998157978058,0.5035315752029419,0.5370395183563232,0.595892608165741,0.9613112211227417,0.9670140147209167,0.9735366702079773,0.9754934310913086,0.9647217392921448,0.566540539264679,0.5682178139686584,0.6609516143798828,0.9786989092826843,0.9353324174880981,0.8933823108673096,0.9707038402557373,0.9781211614608765,0.9878678917884827,0.9766302108764648,0.981363832950592,1.0,0.865204393863678,0.5929294228553772,0.5963398814201355,0.5997875332832336,0.6012039184570312,0.6037570834159851,0.6050243377685547,0.606310248374939,0.6087142825126648,0.6153115630149841,0.6164669990539551,0.617641031742096,0.6205296516418457,0.6309846043586731,0.6311895847320557,0.6313759088516235,0.6335936784744263,0.6456140279769897,0.6456140279769897,0.6456140279769897,0.6626661419868469,0.6820850372314453,0.6804823279380798,0.6788609623908997,0.6695055961608887,0.6948695182800293,0.6929312944412231,0.6910303831100464,0.6897445321083069,0.7093311548233032,0.704988956451416,0.7006839513778687,0.685886800289154,0.6138951778411865,0.611304759979248,0.6087515950202942,0.5938798785209656,0.5235095620155334,0.5204159617424011,0.5173596739768982,0.5134273767471313,0.5051715970039368,0.5189809799194336,0.5117688179016113,0.5023947954177856,0.48290127515792847,0.47611770033836365
40599,2.58556,2018-07-02,0.2091461718082428,0.20642337203025818,0.20609848201274872,0.20578905940055847,0.20551058650016785,0.1984560340642929,0.19822397828102112,0.19799190759658813,0.19777531921863556,0.20035891234874725,0.20012685656547546,0.19987931847572327,0.19964726269245148,0.1953773945569992,0.19516080617904663,0.19492875039577484,0.19471217691898346,0.1965995579957962,0.19636750221252441,0.19613546133041382,0.23798325657844543,0.29163506627082825,0.27271461486816406,0.2731632590293884,0.27313232421875,0.2739677131175995,0.28855642676353455,0.30506348609924316,0.3052646219730377,0.3012886941432953,0.3046457767486572,0.3084360659122467,0.30888471007347107,0.31231915950775146,0.31267499923706055,0.3135722875595093,0.3141911029815674,0.3174399435520172,0.31836816668510437,0.31979143619537354,0.32058045268058777,0.3226070702075958,0.32316404581069946,0.35990655422210693,0.30958089232444763,0.21126562356948853,0.2622874677181244,0.32078155875205994,0.3211992681026459,0.31872397661209106,0.32102906703948975,0.3238137662410736,0.3241541385650635,0.32644376158714294,0.328021764755249,0.32981637120246887,0.3301102817058563,0.3394235670566559,0.3450703024864197,0.3513977527618408,0.35155245661735535,0.34318289160728455,0.35399678349494934,0.36643511056900024,0.402821809053421,0.4148578643798828,0.3915902078151703,0.4063955247402191,0.4063800275325775,0.41012391448020935,0.4323086440563202,0.45747920870780945,0.4573245346546173,0.45689132809638977,0.4885749816894531,0.5241107940673828,0.5238168835639954,0.5114404559135437,0.739383339881897,1.0,0.9996131658554077,0.6956171989440918,0.5894583463668823,0.5965283513069153,0.5960797667503357,0.593310534954071,0.5316759347915649,0.4615943729877472,0.3466792404651642,0.21514874696731567,0.2146691530942917,0.21420502662658691,0.21377186477184296,0.21253423392772675,0.21211650967597961,0.21171428263187408
178348,1.76556,2018-07-02,0.3194907009601593,0.3128299117088318,0.307211309671402,0.3018645644187927,0.2968123257160187,0.3002333641052246,0.29404833912849426,0.2881125509738922,0.28235799074172974,0.2681528627872467,0.26301002502441406,0.2578671872615814,0.2527469992637634,0.24610888957977295,0.24137383699417114,0.23666144907474518,0.23201704025268555,0.13353270292282104,0.13357800245285034,0.13366863131523132,0.1337592601776123,0.13591155409812927,0.18265025317668915,0.22345317900180817,0.2235211431980133,0.2246992439031601,0.24098870158195496,0.25546568632125854,0.2648678123950958,0.39316701889038086,0.3411268889904022,0.3810688853263855,0.39710915088653564,0.4133532643318176,0.427422434091568,0.4410838484764099,0.45331794023513794,0.4629012644290924,0.47352680563926697,0.4855569899082184,0.49538955092430115,0.5042932629585266,0.514148473739624,0.44967034459114075,0.3923967182636261,0.39833250641822815,0.4037472605705261,0.4093885123729706,0.4155735373497009,0.6926301121711731,0.5572395920753479,0.5044065117835999,0.6812569499015808,0.6102539896965027,0.6068329811096191,0.6069008708000183,0.6088719964027405,0.6126328110694885,0.6176623702049255,0.6240286231040955,0.6338385343551636,0.6484061479568481,0.6628378033638,0.678288996219635,0.6924488544464111,0.7380774617195129,0.7380774617195129,0.7381000518798828,0.7381000518798828,0.6892544031143188,0.6830693483352661,0.6773601174354553,0.6685923337936401,0.660164475440979,0.647567868232727,0.6329323649406433,0.6168694496154785,0.5939871668815613,0.8086045980453491,1.0,0.9848886728286743,0.9703436493873596,0.9678515195846558,0.9648156762123108,0.9533745646476746,0.9387162923812866,0.8429732918739319,0.7577652335166931,0.7451913356781006,0.7324588298797607,0.5601622462272644,0.40626201033592224,0.39400529861450195,0.3827000856399536,0.37350186705589294,0.36448490619659424
39198,5.77484,2018-07-02,0.28687894344329834,0.2854728698730469,0.2850572466850281,0.28464165329933167,0.28422605991363525,0.2818848788738251,0.28077661991119385,0.27968913316726685,0.2778397500514984,0.27227073907852173,0.2688212990760803,0.26468613743782043,0.26082801818847656,0.25627031922340393,0.25302866101264954,0.24985627830028534,0.2469194084405899,0.2445366531610489,0.24204999208450317,0.24304050207138062,0.26188087463378906,0.26823946833610535,0.2802986800670624,0.2833048105239868,0.33781716227531433,0.35375526547431946,0.3574471175670624,0.3359539210796356,0.32452499866485596,0.29122886061668396,0.289185494184494,0.29251718521118164,0.3116554021835327,0.31869280338287354,0.3075825572013855,0.3101661801338196,0.3433445692062378,0.3475421071052551,0.3488512337207794,0.35016730427742004,0.350894570350647,0.3514833152294159,0.33828815817832947,0.33763012290000916,0.31829801201820374,0.3116207420825958,0.31269440054893494,0.33928558230400085,0.3447437584400177,0.3335365355014801,0.3206391930580139,0.3201196789741516,0.36241352558135986,0.3573016822338104,0.3570384681224823,0.3576549291610718,0.360058456659317,0.3609173595905304,0.36147841811180115,0.40231072902679443,0.4146677553653717,0.4184081256389618,0.8080085515975952,0.9675489068031311,1.0,0.44828253984451294,0.4482756555080414,0.48758408427238464,0.5161494016647339,0.5211988687515259,0.5204023122787476,0.5195988416671753,0.5537400245666504,0.5424773693084717,0.5173822641372681,0.5164541602134705,0.5160385370254517,0.5080244541168213,0.5451925992965698,0.5491061210632324,0.5189061760902405,0.5172368288040161,0.47258105874061584,0.464670866727829,0.38534748554229736,0.3433307111263275,0.3418138027191162,0.34030380845069885,0.3092518448829651,0.3005451261997223,0.2993883788585663,0.2982316315174103,0.29708874225616455,0.2944982051849365,0.2933899462223053,0.29228171706199646
2512,6.21012,2018-07-02,0.725267767906189,0.727799117565155,0.7263950109481812,0.7250423431396484,0.723708987236023,0.7143566012382507,0.7109298706054688,0.7074709534645081,0.7039928436279297,0.6904085278511047,0.6400648951530457,0.6269572973251343,0.6053925156593323,0.5922204256057739,0.5774509906768799,0.5639439821243286,0.5549135804176331,0.5537670850753784,0.5442213416099548,0.5390427112579346,0.5487751960754395,0.573470413684845,0.6264355182647705,0.6748983263969421,0.659420371055603,0.6929913759231567,0.7110780477523804,0.7329391241073608,0.7581173777580261,0.8267408609390259,0.8465408086776733,0.8647626042366028,0.8583215475082397,0.9300689101219177,0.9387580156326294,0.9449478983879089,0.9508479237556458,0.9561360478401184,0.9602326154708862,0.9643033742904663,0.9502553343772888,0.9438400268554688,0.9480782747268677,0.9523358941078186,0.9561296105384827,0.9596593379974365,0.9630216360092163,0.9663967490196228,0.9700746536254883,0.9394343495368958,0.9620296955108643,0.9698105454444885,0.9930307269096375,0.9798972606658936,0.9818747043609619,0.983858585357666,0.989069402217865,0.9745833873748779,0.9763933420181274,0.9782097339630127,0.9863641858100891,0.961804211139679,0.9622100591659546,0.9415856599807739,0.9446258544921875,0.931924045085907,0.9558913707733154,0.9595112204551697,0.9756333231925964,0.9660747051239014,0.9637752175331116,0.9614822268486023,0.9842579364776611,0.9793949127197266,0.9766638278961182,0.9739328622817993,1.0,0.992425262928009,0.9389447569847107,0.8784113526344299,0.8696128129959106,0.8638995885848999,0.8600477576255798,0.856234610080719,0.8363445401191711,0.7913470268249512,0.7813310623168945,0.7767900824546814,0.7856208682060242,0.781389057636261,0.7778786420822144,0.7743875980377197,0.7615569233894348,0.7553348541259766,0.7479532957077026,0.7440177798271179
10403,1.89172,2018-07-02,0.32827267050743103,0.3308946192264557,0.3207239806652069,0.315902978181839,0.31131455302238464,0.28932398557662964,0.28348803520202637,0.2777789235115051,0.27230244874954224,0.26726996898651123,0.26164549589157104,0.2562958598136902,0.25100964307785034,0.24684414267539978,0.24398960173130035,0.23938003182411194,0.23481276631355286,0.23068952560424805,0.22677773237228394,0.22345800697803497,0.22037087380886078,0.22068804502487183,0.23663121461868286,0.2522994875907898,0.2562112808227539,0.27355000376701355,0.28729408979415894,0.29477936029434204,0.30289894342422485,0.3110608160495758,0.31985706090927124,0.32827267050743103,0.31080707907676697,0.336075097322464,0.3468589186668396,0.3606453239917755,0.37559470534324646,0.3453788161277771,0.35836169123649597,0.37132346630096436,0.38443320989608765,0.39483642578125,0.39697206020355225,0.39914995431900024,0.40132787823677063,0.07510624825954437,0.255090594291687,0.40830567479133606,0.41008180379867554,0.41272491216659546,0.415304571390152,0.4179476797580719,0.4206119179725647,0.42169031500816345,0.42268410325050354,0.42365676164627075,0.42462942004203796,0.42591923475265503,0.4268284738063812,0.42771655321121216,0.4286046624183655,0.43010592460632324,0.4302539527416229,0.4304019510746002,0.4305499792098999,0.4317340850830078,0.465777188539505,0.4615270793437958,0.4317340850830078,0.43213585019111633,0.4308459758758545,0.4295773208141327,0.4283086061477661,0.42917555570602417,0.4276954233646393,0.4262152910232544,0.4247351586818695,0.42021018266677856,0.41623494029045105,0.566405177116394,0.6979256272315979,0.6992366313934326,0.76654052734375,0.9365867972373962,1.0,0.8968134522438049,0.5729811787605286,0.4849977493286133,0.48256611824035645,0.447782963514328,0.4187934696674347,0.41691160202026367,0.4150719940662384,0.39908653497695923,0.3857441842556,0.3839680254459381
1948,4.33824,2018-07-02,0.35277900099754333,0.33959391713142395,0.32855719327926636,0.32009294629096985,0.31269821524620056,0.29980820417404175,0.28932470083236694,0.27935752272605896,0.2697315216064453,0.259441614151001,0.24985246360301971,0.2412591278553009,0.23196503520011902,0.2221730351448059,0.2143818587064743,0.20687651634216309,0.19967544078826904,0.19319353997707367,0.1872187703847885,0.18285755813121796,0.1794275939464569,0.18592792749404907,0.19279706478118896,0.19505605101585388,0.20078186690807343,0.2165302038192749,0.2349431961774826,0.2533746361732483,0.27764254808425903,0.3146437108516693,0.6212196350097656,0.660203218460083,0.43393632769584656,0.4729936420917511,0.514503538608551,0.5563177466392517,0.5971361398696899,0.632588267326355,0.6691561341285706,0.6954432725906372,0.6913033127784729,0.6859555840492249,0.690335214138031,0.6945396661758423,0.6988087296485901,0.7042025923728943,0.7077616453170776,0.7111915946006775,0.7146307826042175,0.7113944292068481,0.7070701122283936,0.712113618850708,0.7171756029129028,0.7192409634590149,0.7212509512901306,0.7232425808906555,0.7252341508865356,0.7366489171981812,0.7502950429916382,0.9878199100494385,1.0,0.7715109586715698,0.7629176378250122,0.7633417844772339,0.7637290358543396,0.7775410413742065,0.7807497382164001,0.7809157371520996,0.7810632586479187,0.7786751985549927,0.7815427184104919,0.779237687587738,0.7768956422805786,0.7872132062911987,0.792256772518158,0.789536714553833,0.7867982983589172,0.7781219482421875,0.8117116093635559,0.8100796341896057,0.7663107514381409,0.7607969641685486,0.7564080953598022,0.7523604035377502,0.7483218908309937,0.7288485765457153,0.7097440361976624,0.7048388123512268,0.6999243497848511,0.6800453662872314,0.661217451095581,0.6396049857139587,0.5009957551956177,0.5236316919326782,0.4829239547252655,0.4576510190963745
86867,4.4024,2018-07-02,0.7283118367195129,0.7265763878822327,0.7250317931175232,0.7234690189361572,0.7218971848487854,0.7173632383346558,0.7135380506515503,0.7097310423851013,0.7059240341186523,0.7019898295402527,0.6976739764213562,0.693376362323761,0.6890877485275269,0.6851081252098083,0.6451208591461182,0.613165557384491,0.5959567427635193,0.5775758624076843,0.5630201697349548,0.5519625544548035,0.5432491302490234,0.543612539768219,0.5450935959815979,0.5476739406585693,0.5506541728973389,0.5815373063087463,0.6024622917175293,0.6259040832519531,0.6538069844245911,0.6853262186050415,0.7246410846710205,0.7289751172065735,0.7363165616989136,0.35000908374786377,0.7485280632972717,0.6598673462867737,0.7046428918838501,0.7295838594436646,0.7321370244026184,0.735535204410553,0.7485916614532471,0.7626294493675232,0.7788660526275635,0.7978011965751648,0.8029074668884277,0.8067599534988403,0.8103307485580444,0.8139287829399109,0.8175449371337891,0.8230873942375183,0.8285208344459534,0.8339905738830566,0.8394966721534729,0.8415409326553345,0.8436126112937927,0.8456841707229614,0.8477557897567749,0.8498818874359131,0.8517626523971558,0.8536525368690491,0.8555424213409424,0.8565237522125244,0.8569144010543823,0.8572959899902344,0.8576776385307312,0.8649100065231323,0.8650100231170654,0.8651280999183655,0.8652644157409668,0.856814444065094,0.8543884754180908,0.8519353270530701,0.849463939666748,0.8477830290794373,0.8448755145072937,0.8419861793518066,0.8933944702148438,0.9222787022590637,0.969907283782959,1.0,0.9937216639518738,0.9891149997711182,0.985162615776062,0.906550943851471,0.8530346751213074,0.8474377989768982,0.842658519744873,0.8160458207130432,0.7969198226928711,0.7924586534500122,0.7760221362113953,0.7639287710189819,0.760239839553833,0.7561784386634827,0.7525440454483032,0.748927891254425
13892,4.31556,2018-07-02,0.6753978729248047,0.6815245151519775,0.6807088851928711,0.6797263622283936,0.6788272857666016,0.668650209903717,0.6661291122436523,0.6634596586227417,0.6607068777084351,0.6649148464202881,0.661828339099884,0.6589550375938416,0.6562207341194153,0.6465997695922852,0.6445791721343994,0.642363965511322,0.640037477016449,0.6385266780853271,0.6371363401412964,0.6357367634773254,0.6384432315826416,0.6418077945709229,0.643884003162384,0.6419746279716492,0.6433371901512146,0.6570364236831665,0.6644977927207947,0.6703278422355652,0.6783546209335327,0.6833783388137817,0.6877253651618958,0.6921651363372803,0.7087098956108093,0.717255711555481,0.7220199108123779,0.7268581986427307,0.7337356209754944,0.7367387413978577,0.7398900985717773,0.7430600523948669,0.748167097568512,0.7512351274490356,0.7545440196990967,0.7578622698783875,0.7488066554069519,0.7487695813179016,0.7513834238052368,0.7405574321746826,0.7400198578834534,0.7440517544746399,0.7628766894340515,0.7555821537971497,0.7560363411903381,0.7732298970222473,0.7786892652511597,0.7802000641822815,0.7844451665878296,0.7866789102554321,0.7880692481994629,0.7894688248634338,0.7965223789215088,0.8468981981277466,0.8330506086349487,0.8294451236724854,0.8422731161117554,0.8461011052131653,0.8461845517158508,0.8462771773338318,0.8667334318161011,0.8707746267318726,0.8690043091773987,0.8672524690628052,0.893798291683197,0.9541659355163574,0.9659557938575745,0.9638888239860535,0.9966076612472534,1.0,0.995115339756012,0.990267813205719,0.9745943546295166,0.9681709408760071,0.9652235507965088,0.9622946381568909,0.8450537323951721,0.8125573396682739,0.7720713019371033,0.7591135501861572,0.7316223382949829,0.7223442792892456,0.7195636630058289,0.7294812202453613,0.7067634463310242,0.6977356672286987,0.6950662136077881,0.6924061179161072
80166,5.70052,2018-07-02,0.25566089153289795,0.24839136004447937,0.2465248852968216,0.24467241764068604,0.24284100532531738,0.24500922858715057,0.2418937087059021,0.23889750242233276,0.23597145080566406,0.22480054199695587,0.22186045348644257,0.21892739832401276,0.2168433666229248,0.21356648206710815,0.211250901222229,0.20898443460464478,0.5418663620948792,0.20310427248477936,0.2031814604997635,0.540855884552002,0.2034551352262497,0.20843009650707245,0.21752402186393738,0.22416901588439941,0.25156301259994507,0.5078203082084656,0.22058337926864624,0.22014832496643066,0.22379714250564575,0.2270810306072235,0.22994393110275269,0.23307347297668457,0.23668016493320465,0.2416621595621109,0.5302252769470215,0.32525452971458435,0.2802902162075043,0.28407230973243713,0.28846490383148193,0.3913397192955017,0.4860539138317108,0.2979307174682617,0.3020355999469757,0.5989208221435547,0.31088390946388245,0.3154449164867401,0.517005443572998,0.41431307792663574,0.3260755240917206,1.0,0.9600738286972046,0.5360773801803589,0.37179768085479736,0.6879863739013672,0.368415504693985,0.3645491898059845,0.5192999839782715,0.5157915353775024,0.37860405445098877,0.3828141987323761,0.3834878206253052,0.7416375875473022,0.423168420791626,0.40170371532440186,0.39289048314094543,0.3978584110736847,0.40117743611335754,0.6955365538597107,0.4030228853225708,0.41135895252227783,0.4149586260318756,0.43768638372421265,0.4300099015235901,0.4122150242328644,0.4181372821331024,0.4215054214000702,0.419295072555542,0.4119904935359955,0.41164666414260864,0.41072744131088257,0.7582746744155884,0.46516457200050354,0.4626314640045166,0.46012645959854126,0.42044585943222046,0.3866804838180542,0.34568074345588684,0.31673601269721985,0.3120276629924774,0.303284615278244,0.2993481159210205,0.29553794860839844,0.2918540835380554,0.2830688953399658,0.27975693345069885,0.2764800190925598
50000,2.59544,2018-07-02,0.2878895401954651,0.2926209270954132,0.29217395186424255,0.2917424440383911,0.29129549860954285,0.2835434675216675,0.28227970004081726,0.2810467481613159,0.27981382608413696,0.2787041962146759,0.2773171365261078,0.2759455144405365,0.2746046781539917,0.27258577942848206,0.2715994417667389,0.2677927613258362,0.26526525616645813,0.2629226744174957,0.26079586148262024,0.6246031522750854,0.2582683563232422,0.2610270380973816,0.2626298666000366,0.3142434358596802,0.6312764286994934,0.5338131785392761,0.3717134892940521,0.324106901884079,0.28274205327033997,0.2851308584213257,0.2882748246192932,0.2916191518306732,0.29371514916419983,0.3080325722694397,0.3102980852127075,0.31260982155799866,0.31493696570396423,0.30299296975135803,0.3044262230396271,0.3058595061302185,0.3073081970214844,0.10435225069522858,0.10462966561317444,0.10499954223632812,0.10533860325813293,0.10626329481601715,0.11853095889091492,0.26267609000205994,0.19144345819950104,0.23061984777450562,0.24148507416248322,0.25161051750183105,0.31436675786972046,0.769457221031189,0.3239836096763611,0.40953364968299866,0.47964122891426086,0.907098650932312,1.0,0.5574854612350464,0.43937060236930847,0.4416361153125763,0.9417902827262878,0.4488179683685303,0.8240606784820557,0.4883025586605072,0.4567549526691437,0.393967866897583,0.3385784327983856,0.34008878469467163,0.33922573924064636,0.8386246562004089,0.5244582891464233,0.5263847708702087,0.5244582891464233,0.4233270585536957,0.3346793055534363,0.33219802379608154,0.32977840304374695,0.5979872345924377,0.8216410279273987,0.5841938257217407,0.5827605128288269,0.5379126667976379,0.5949357151985168,0.6751841902732849,0.5765804648399353,0.43058598041534424,0.37669146060943604,0.3725303113460541,0.73598313331604,0.34477391839027405,0.3214406967163086,0.3183583617210388,0.3457140326499939,0.36010849475860596
33164,4.36444,2018-07-02,0.37366533279418945,0.3671490550041199,0.3627040386199951,0.35846981406211853,0.35757166147232056,0.3511745035648346,0.3471510708332062,0.3433201014995575,0.33963578939437866,0.33520910143852234,0.33154311776161194,0.3280695676803589,0.3245227336883545,0.31961947679519653,0.3149453401565552,0.30879563093185425,0.30558788776397705,0.30724674463272095,0.3053220808506012,0.30490967631340027,0.3033882975578308,0.3035441040992737,0.4660849869251251,0.6752573251724243,0.40409308671951294,0.32118669152259827,0.3293893337249756,0.3422478139400482,0.34301766753196716,0.3491673767566681,0.45637011528015137,0.5489913821220398,0.3799983561038971,0.38611140847206116,0.39350754022598267,0.4022234380245209,0.4095187485218048,0.4141104221343994,0.42455849051475525,0.4396990239620209,0.4458578824996948,0.46662575006484985,0.4651593267917633,0.4888874590396881,0.5529415011405945,0.5216614603996277,0.5295891165733337,0.5374710559844971,0.5446929931640625,0.5534272789955139,0.5092154145240784,0.5070433020591736,0.5146410465240479,0.5194251537322998,0.5295433402061462,0.5451237559318542,0.5508885383605957,0.5557276606559753,0.5639669895172119,0.5699883699417114,0.5708498954772949,0.5739476680755615,0.5787225961685181,0.5884924530982971,0.5886391401290894,0.5924609303474426,0.6570831537246704,0.7871617078781128,0.6922308206558228,0.6102134585380554,0.6596859693527222,0.7428490519523621,0.6962359547615051,0.6606116890907288,0.6176737546920776,0.6282042860984802,0.6567073464393616,0.6518957614898682,0.7664580345153809,1.0,0.8690782785415649,0.7200099229812622,0.7140160202980042,0.7044844627380371,0.7194508910179138,0.7468999624252319,0.6923224925994873,0.5861828923225403,0.5570840835571289,0.5037347078323364,0.4788426458835602,0.4362163245677948,0.4299108386039734,0.421882301568985,0.4132397472858429,0.401591032743454
822,1.79848,2018-07-02,0.456585556268692,0.4467105269432068,0.4459320902824402,0.44513142108917236,0.44435301423072815,0.4410835802555084,0.4390151798725128,0.43694671988487244,0.43492281436920166,0.43309906125068665,0.43080824613571167,0.42440280318260193,0.41641831398010254,0.409278929233551,0.4032071530818939,0.3947555422782898,0.38581469655036926,0.13155552744865417,0.4328988790512085,0.29131266474723816,0.24296072125434875,0.31484365463256836,0.3037676215171814,0.3120190501213074,0.3205595910549164,0.3664650321006775,0.38138872385025024,0.3970686197280884,0.41294869780540466,0.42235663533210754,0.4808949828147888,0.4586094915866852,0.41950979828834534,0.4300742745399475,0.44010496139526367,0.4502023756504059,0.4605666995048523,0.4646812677383423,0.47106441855430603,0.4778479337692261,0.48411989212036133,0.48496508598327637,0.48741158843040466,0.48985809087753296,0.5209954977035522,0.565989077091217,0.5672789812088013,0.5692139863967896,0.571171224117279,0.8911080360412598,1.0,0.5826030373573303,0.5855833292007446,0.5872737169265747,0.5892308950424194,0.5903429388999939,0.5914328098297119,0.5958364605903625,0.5995061993598938,0.6314443349838257,0.6791512370109558,0.6898491978645325,0.7014589905738831,0.7016369700431824,0.7017925977706909,0.7135136127471924,0.7284373641014099,0.7284373641014099,0.7284373641014099,0.7477647662162781,0.771918535232544,0.7704728245735168,0.7690271735191345,0.7375338673591614,0.6844223737716675,0.682709813117981,0.6810417771339417,0.6930296421051025,0.7123793363571167,0.7078421711921692,0.7037720680236816,0.7056180834770203,0.7143810391426086,0.7120234966278076,0.7096881866455078,0.6753258109092712,0.6313554048538208,0.6285529732704163,0.6257728934288025,0.5612072348594666,0.4711756706237793,0.46901825070381165,0.46686092019081116,0.47070857882499695,0.46864017844200134,0.4666162431240082
2727,3.28412,2018-07-02,0.4398864805698395,0.43334588408470154,0.4287784695625305,0.42447900772094727,0.420350044965744,0.41069144010543823,0.40424832701683044,0.3978782594203949,0.39167872071266174,0.38725748658180237,0.38083869218826294,0.37460261583328247,0.36854925751686096,0.36683189868927,0.3618381917476654,0.35703930258750916,0.35237446427345276,0.35991376638412476,0.3562963604927063,0.3538725674152374,0.35221612453460693,0.37651488184928894,0.3789142966270447,0.38160601258277893,0.3844195604324341,0.4265739321708679,0.4339061677455902,0.4416281580924988,0.44980084896087646,0.5266798734664917,0.558067262172699,0.8712470531463623,0.5727439522743225,0.6387829780578613,0.6445805430412292,0.6698171496391296,0.679585337638855,0.6943594813346863,0.7023738026618958,0.7108875513076782,0.7191454172134399,0.7151748538017273,0.7244071364402771,0.7331278920173645,0.7291329503059387,0.7360510230064392,0.7427621483802795,0.7500943541526794,0.7578163743019104,0.7168800234794617,0.7277687788009644,0.7323483228683472,0.7355273365974426,0.7108631134033203,0.7120445966720581,0.7137132287025452,0.7149068713188171,0.6916556358337402,0.6928613781929016,0.6958088874816895,0.6969172358512878,0.6822771430015564,0.9853963851928711,0.9882586002349854,0.999987781047821,0.9804148077964783,0.9807924032211304,0.9863342046737671,1.0,0.9857252240180969,0.9852745532989502,0.9973326325416565,0.9959075450897217,0.9969184398651123,0.9964799880981445,0.6988538503646851,0.6972339153289795,0.9481626152992249,0.6551526188850403,0.6671741604804993,0.6633131504058838,0.6505730152130127,0.6483806371688843,0.6485024690628052,0.646115243434906,0.6345809102058411,0.5712580680847168,0.5581160187721252,0.5552659034729004,0.5476779341697693,0.5439996123313904,0.5222586393356323,0.5200418829917908,0.5156449675559998,0.5134769678115845,0.5113333463668823
42074,5.86076,2018-07-02,0.33255070447921753,0.3218967914581299,0.31096306443214417,0.30140116810798645,0.2928561866283417,0.05565148591995239,0.15286754071712494,0.21660670638084412,0.16851739585399628,0.1776151806116104,0.17564274370670319,0.17229165136814117,0.16821026802062988,0.16429267823696136,0.16337811946868896,0.1593240350484848,0.15462839603424072,0.14965294301509857,0.14604249596595764,0.1433875411748886,0.14142875373363495,0.14316913485527039,0.14820602536201477,0.15137967467308044,0.15526996552944183,0.15862788259983063,0.1696912944316864,0.18218114972114563,0.19454814493656158,0.2060893028974533,0.21262088418006897,0.22478996217250824,0.23820801079273224,0.25391244888305664,0.27491995692253113,0.2924671769142151,0.310403436422348,0.3266538679599762,0.34968841075897217,0.3677065670490265,0.3866051435470581,0.758782148361206,0.5568220019340515,0.5802046060562134,0.5923736691474915,0.6002634167671204,0.6107671856880188,0.6229225993156433,0.6375008821487427,0.6898490190505981,0.7180297374725342,0.7433916330337524,0.7681939005851746,0.7465925216674805,0.7554447054862976,0.7672724723815918,0.7811068296432495,0.8081203699111938,0.8104682564735413,0.8120243549346924,0.8135873079299927,0.8212449550628662,0.990424394607544,0.9906769394874573,0.9909499883651733,0.9924036264419556,0.9379261136054993,0.8348132371902466,0.8249577879905701,0.8248213529586792,0.841986358165741,0.8398364186286926,0.8376933932304382,0.8355502486228943,0.8295374512672424,0.8453783392906189,0.86003178358078,0.8547218441963196,0.8650413751602173,0.8899527788162231,1.0,0.8479719161987305,0.8422866463661194,0.7751486301422119,0.7561203241348267,0.7224864959716797,0.642612874507904,0.6144800186157227,0.5895276069641113,0.563824474811554,0.5081934332847595,0.48561620712280273,0.46537989377975464,0.446870356798172,0.42146751284599304,0.4048689603805542
3710,4.34208,2018-07-02,0.270579993724823,0.17925970256328583,0.17818187177181244,0.17715013027191162,0.1761552095413208,0.17236900329589844,0.17083978652954102,0.16937504708766937,0.1679563671350479,0.1677444875240326,0.16627974808216095,0.1648610681295395,0.1634700447320938,0.16013523936271667,0.1590021401643753,0.15789666771888733,0.15681885182857513,0.15538175404071808,0.1545802801847458,0.15447895228862762,0.15470005571842194,0.1574084311723709,0.548483669757843,0.16491635143756866,0.16650083661079407,0.5543702244758606,0.17814503610134125,0.8740971684455872,0.18270505964756012,0.1906920224428177,1.0,0.7123590707778931,0.37387609481811523,0.48349177837371826,0.21539907157421112,0.42578670382499695,0.20145182311534882,0.47193050384521484,0.2474021464586258,0.4568593502044678,0.2663792371749878,0.1996738761663437,0.18416057527065277,0.19340039789676666,0.4840076267719269,0.30741026997566223,0.4327418804168701,0.45455631613731384,0.2006964385509491,0.20269547402858734,0.5970686674118042,0.2073015719652176,0.2093743085861206,0.6522035002708435,0.461032509803772,0.5781652927398682,0.2797369062900543,0.24438057839870453,0.5363973379135132,0.6305641531944275,0.2713630199432373,0.2402811348438263,0.5939089059829712,0.2455228716135025,0.4945095479488373,0.25668802857398987,0.4042578339576721,0.3925860524177551,0.28070417046546936,0.5782573819160461,0.5909057259559631,0.29278135299682617,0.31032130122184753,0.29213646054267883,0.6389471888542175,0.29125210642814636,0.29073622822761536,0.8736088871955872,0.3248581290245056,0.5632416009902954,0.37781891226768494,0.3233933746814728,0.31894388794898987,0.31821614503860474,0.34580662846565247,0.342867910861969,0.2693363428115845,0.268498033285141,0.2676781415939331,0.24804700911045074,0.2083517611026764,0.20771612226963043,0.1985960602760315,0.19625616073608398,0.4060910940170288,0.18612277507781982
1263,4.843,2018-07-02,0.02613256312906742,0.025802189484238625,0.025785669684410095,0.025769151747226715,0.025760892778635025,0.024778030812740326,0.024769771844148636,0.024761511012911797,0.024744993075728416,0.02516622096300125,0.025149701163172722,0.025133183225989342,0.025116663426160812,0.03066694177687168,0.030642163008451462,0.03061738610267639,0.030592607334256172,0.024629363790154457,0.024612843990325928,0.02460458315908909,0.02460458315908909,0.02543877810239792,0.02543877810239792,0.02543877810239792,0.02543877810239792,0.025670040398836136,0.025678299367427826,0.025694817304611206,0.025711335241794586,0.02519925683736801,0.02521577663719654,0.02522403560578823,0.02524055354297161,0.025769151747226715,0.025777410715818405,0.025793930515646935,0.025802189484238625,0.025967376306653023,0.025983892381191254,0.026000412181019783,0.026016931980848312,0.03156721219420433,0.03158373013138771,0.03160024806857109,0.03161676600575447,0.025653522461652756,0.025670040398836136,0.025686558336019516,0.025703078135848045,0.03447449952363968,0.04233739152550697,0.04253561794757843,0.04271732643246651,0.042907290160655975,0.042923808097839355,0.0437084436416626,0.0443609319627285,0.04422878473997116,0.04424530267715454,0.045765023678541183,0.04708651453256607,0.047565560787916183,0.047582078725099564,0.04944869130849838,0.051075782626867294,0.05223208665847778,0.05224034562706947,0.05537063628435135,0.05805492401123047,0.05865785852074623,0.05866611376404762,0.07327689975500107,0.086103655397892,0.07444146275520325,0.06844517588615417,0.07373116165399551,0.13665910065174103,0.18687590956687927,0.18687590956687927,0.18855255842208862,0.0951889306306839,0.08049556612968445,0.08048730343580246,0.0709642767906189,0.06259756535291672,0.06214329972863197,0.06213504448533058,0.05010943487286568,0.03957051411271095,0.039306215941905975,0.11677059531211853,0.6192194819450378,1.0,0.9997604489326477,0.9996696710586548,0.9977286458015442
27162,1.73784,2018-07-02,0.7868157625198364,0.7658472061157227,0.7483312487602234,0.732541561126709,0.7177185416221619,0.6911798119544983,0.6738018989562988,0.657206654548645,0.6413938999176025,0.6296321749687195,0.6143718361854553,0.5997329950332642,0.5856465697288513,0.567486047744751,0.5557243227958679,0.544330894947052,0.5332826972007751,0.5250425934791565,0.5161349773406982,0.5116696357727051,0.5085393190383911,0.5176310539245605,0.5200709104537964,0.5293006896972656,0.6236476898193359,0.2837775647640228,0.28432995080947876,0.2859871983528137,0.30875107645988464,0.5536297559738159,0.42236340045928955,0.49622517824172974,0.5269069671630859,0.5566450357437134,0.5834829807281494,0.6224048137664795,0.6691755056381226,0.6955760717391968,0.7193987965583801,0.7417483329772949,0.768310010433197,0.7827647924423218,0.8048611879348755,0.8270956873893738,0.8527367115020752,0.8739814162254333,0.8916355967521667,0.9117294549942017,0.9431248307228088,0.9645306468009949,0.9875476956367493,1.0,0.881807267665863,0.8978041410446167,0.9135938286781311,0.9291073679924011,0.9452884197235107,0.9607328176498413,0.9716429114341736,0.9736684560775757,0.9757399559020996,0.9967315196990967,0.997283935546875,0.9977903366088867,0.9982737302780151,0.9881691932678223,0.9882382154464722,0.9882842302322388,0.9883763790130615,0.9903327822685242,0.987616777420044,0.9848777651786804,0.9821617603302002,0.9836578369140625,0.9804354906082153,0.9772130846977234,0.9739676713943481,0.9515950679779053,0.9440914392471313,0.9118675589561462,0.8949500322341919,0.887469470500946,0.8732449412345886,0.8596188426017761,0.8458776473999023,0.9084840416908264,0.900865375995636,0.8934999704360962,0.8872393369674683,0.8889656066894531,0.8846153616905212,0.880242109298706,0.8758688569068909,0.8616673350334167,0.8573170900344849,0.852989912033081
3414,2.53316,2018-07-02,0.6312747597694397,0.6357277035713196,0.6344802379608154,0.6333275437355042,0.6322380304336548,0.6225742101669312,0.6197319030761719,0.6167948842048645,0.6137630343437195,0.5752182602882385,0.5615594983100891,0.5472058653831482,0.5321574807167053,0.519382894039154,0.5096875429153442,0.49992895126342773,0.49062833189964294,0.4826856851577759,0.4758957326412201,0.47126907110214233,0.46754252910614014,0.47131645679473877,0.4748377501964569,0.4788011908531189,0.4833330810070038,0.496486634016037,0.5094664692878723,0.5236621499061584,0.53962641954422,0.6188318133354187,0.6449020504951477,0.6498602628707886,0.6549921631813049,0.6497654914855957,0.6550711393356323,0.6785359382629395,0.6882786750793457,0.6916736364364624,0.695447564125061,0.7421560287475586,0.7096275091171265,0.7065799236297607,0.7105907201766968,0.8789180517196655,0.7587993144989014,0.7216283082962036,0.7245811820030212,0.7273445129394531,0.7521830797195435,0.7673262357711792,0.7477932572364807,0.7457878589630127,0.7499092221260071,0.7785374522209167,0.7870012521743774,0.7885960936546326,0.7901751399040222,0.8017969727516174,0.8056498169898987,0.8070868253707886,0.8085079193115234,0.8289567232131958,0.7935701012611389,0.783764123916626,0.7840326428413391,0.7950385808944702,0.7979283332824707,0.7979441285133362,0.7979598641395569,0.8149346709251404,0.8172874450683594,0.8154242038726807,0.925847589969635,1.0,0.9589919447898865,0.9534652829170227,0.9513651132583618,0.9829146862030029,0.9874781370162964,0.9823935031890869,0.9773721694946289,0.9609342217445374,0.9548390507698059,0.9517756700515747,0.9487438797950745,0.7961282134056091,0.7555780410766602,0.6902050971984863,0.6711459159851074,0.6669298410415649,0.6639770269393921,0.6610557436943054,0.6581345200538635,0.6545500755310059,0.6516919732093811,0.6488338708877563
29643,7.33408,2018-07-02,0.5508366227149963,0.549456775188446,0.5482187271118164,0.5469751954078674,0.5457262396812439,0.5422356724739075,0.5392414331436157,0.536247193813324,0.5332638621330261,0.5301333069801331,0.5267572402954102,0.4615602493286133,0.4432784914970398,0.43137240409851074,0.4107072651386261,0.39531612396240234,0.3812229633331299,0.5842204689979553,0.3590361475944519,0.3507406413555145,0.34339413046836853,0.3430614471435547,0.34277236461639404,0.3431541621685028,0.3440922498703003,0.35299861431121826,0.36285942792892456,0.37420371174812317,0.389164000749588,0.7069789171218872,0.4342794120311737,0.43566471338272095,0.4509686231613159,0.4562862515449524,0.48038744926452637,0.5096208453178406,0.5406813025474548,0.0963338240981102,0.5927614569664001,0.5963120460510254,0.5411121845245361,0.5681094527244568,0.6018314361572266,0.6053165197372437,0.6088343262672424,0.6118068099021912,0.6146155595779419,0.6174461841583252,0.6202877759933472,0.6245582103729248,0.6288014054298401,0.6330773830413818,0.6373805403709412,0.6431562900543213,0.8592979311943054,0.6465214490890503,0.6482012867927551,0.6457578539848328,0.647284984588623,0.648806631565094,0.6503337621688843,0.6510863900184631,0.6514354348182678,0.6517736315727234,0.652095377445221,0.6525535583496094,0.6526298522949219,0.6527062654495239,0.6527880430221558,0.6524117588996887,0.6654576659202576,0.6674047708511353,0.9254711866378784,0.6916368007659912,0.8778088092803955,0.6907368898391724,0.912697970867157,0.6827250123023987,0.6823650598526001,0.9965857863426208,0.7403245568275452,1.0,0.7095695734024048,0.6742386221885681,0.9130033850669861,0.6668211817741394,0.7533432841300964,0.782811164855957,0.6334536671638489,0.6300667524337769,0.8653682470321655,0.6323028802871704,0.5838496088981628,0.5807135701179504,0.5772939324378967,0.5663150548934937
22973,3.34124,2018-07-02,0.2659611403942108,0.2651231288909912,0.2647400498390198,0.2643689215183258,0.26398584246635437,0.26211827993392944,0.2611246109008789,0.2601429522037506,0.2591612637042999,0.2584429979324341,0.25680285692214966,0.24993117153644562,0.2452622503042221,0.24887767434120178,0.25173887610435486,0.2509367763996124,0.25013467669487,0.24976356327533722,0.24777628481388092,0.2461601197719574,0.24569322168827057,0.24868611991405487,0.2508889138698578,0.25224170088768005,0.25322335958480835,0.6981719732284546,0.9948282837867737,1.0,0.4641869366168976,0.3304761052131653,0.33208030462265015,0.33417534828186035,0.33622246980667114,0.3476194441318512,0.34947505593299866,0.3518693745136261,0.3542158007621765,0.34522515535354614,0.34637442231178284,0.3477032482624054,0.349008172750473,0.3492715656757355,0.3504686951637268,0.3108905553817749,0.28500795364379883,0.2864325940608978,0.28773748874664307,0.28886282444000244,0.33249932527542114,0.36284732818603516,0.36430785059928894,0.7722283005714417,0.5941387414932251,0.36992254853248596,0.37020987272262573,0.37548935413360596,0.37942802906036377,0.380732923746109,0.3812357187271118,0.39166298508644104,0.3986424207687378,0.40470007061958313,0.4047958254814148,0.41650405526161194,0.4242377281188965,0.4207300543785095,0.42071807384490967,0.4406268298625946,0.4538554847240448,0.4548012316226959,0.4540829360485077,0.48094722628593445,0.4984496831893921,0.4998503625392914,0.4990123510360718,0.5248470902442932,0.5419185757637024,0.5396559238433838,0.537728488445282,0.5390693545341492,0.5392488837242126,0.5366630554199219,0.5355257391929626,0.48148593306541443,0.4451281726360321,0.4419197738170624,0.4409380853176117,0.37887731194496155,0.33695274591445923,0.33406758308410645,0.2991943061351776,0.27584967017173767,0.27482014894485474,0.2726532816886902,0.27165961265563965,0.27067795395851135
63101,1.8604,2018-07-02,0.4481617212295532,0.44186198711395264,0.43734681606292725,0.43293917179107666,0.4286389946937561,0.41748011112213135,0.41135239601135254,0.4053751826286316,0.399526983499527,0.3958718478679657,0.3898301422595978,0.38301441073417664,0.37465062737464905,0.36476027965545654,0.3597075939178467,0.3547624349594116,0.3499462604522705,0.3458181321620941,0.3420124650001526,0.33923888206481934,0.33775532245635986,0.3655557930469513,0.4222317934036255,0.4313480854034424,0.4522683620452881,0.49079766869544983,0.4989679753780365,0.5081918239593506,0.5192646980285645,0.526703953742981,0.534594714641571,0.5424209833145142,0.5491077303886414,0.5270264744758606,0.5356482267379761,0.5711029767990112,0.6529348492622375,0.6291550397872925,0.5614491701126099,0.5686948895454407,0.5755106806755066,0.5800257921218872,0.5899592041969299,0.599978506565094,0.6091163754463196,0.6462481617927551,0.7286390066146851,0.7399268746376038,0.7518168091773987,0.7559664845466614,0.7589765191078186,0.7627392411231995,0.7677058577537537,0.7690604329109192,0.7701784372329712,0.7739840745925903,0.7825413942337036,0.7598581314086914,0.6884756088256836,0.6926682591438293,0.701010525226593,0.7062567472457886,0.7064287066459656,0.7105353474617004,0.7205977439880371,0.723758339881897,0.723758339881897,0.7313480973243713,0.7523328065872192,0.7569984793663025,0.7962803840637207,0.9294130206108093,0.9926897287368774,1.0,0.9462050795555115,0.8145129680633545,0.8501612544059753,0.8365297913551331,0.832573652267456,0.8358632922172546,0.8512793183326721,0.8507848381996155,0.8484411835670471,0.8235433101654053,0.7601376175880432,0.6997205018997192,0.5586110353469849,0.5558159351348877,0.5530423521995544,0.5401418805122375,0.5296065211296082,0.5217157602310181,0.512771487236023,0.5009030699729919,0.49301227927207947,0.4853365123271942
10531,6.4814,2018-07-02,0.6557101607322693,0.6441138982772827,0.6341778039932251,0.6245995759963989,0.6153361797332764,0.6162433624267578,0.6069367527961731,0.5954762697219849,0.5835097432136536,0.5574721693992615,0.5425124168395996,0.5295028686523438,0.5172215700149536,0.5042984485626221,0.493905633687973,0.48380905389785767,0.4739469885826111,0.4659240245819092,0.4578332006931305,0.45090875029563904,0.4450828433036804,0.447742760181427,0.44895240664482117,0.4515691101551056,0.4655969440937042,0.7245718240737915,0.6642206907272339,0.586317777633667,0.5979695916175842,0.5455055832862854,0.555873692035675,0.5669885873794556,0.5784058570861816,0.5920202732086182,0.6043509244918823,0.6167680025100708,0.6295183300971985,0.6386644840240479,0.6487425565719604,0.659548819065094,0.6709538102149963,0.6815317869186401,0.6947202682495117,0.7085568308830261,0.7231215834617615,0.7390810251235962,0.7545344829559326,0.7707902789115906,0.7877681255340576,0.8077576160430908,0.8298268914222717,0.8528404235839844,0.8766315579414368,0.8955164551734924,0.9146541953086853,0.9344154596328735,0.9545160531997681,0.9731478095054626,0.9821705222129822,0.9842256307601929,0.9862745404243469,0.989181399345398,0.9895392656326294,0.9898849129676819,0.9902305006980896,1.0,0.9999938011169434,0.9999938011169434,0.9999876618385315,0.9948776960372925,0.9919955730438232,0.9891011118888855,0.986194372177124,0.9825839996337891,0.97920823097229,0.9758324027061462,0.9724627137184143,0.959848165512085,0.9521893858909607,0.944573700428009,0.9370074272155762,0.9334835410118103,0.9287808537483215,0.9241213798522949,0.9195173978805542,0.9118770956993103,0.906322717666626,0.9008115530014038,0.8953498005867004,0.888906717300415,0.8846051692962646,0.8803221583366394,0.8760576248168945,0.8709785342216492,0.8135896325111389,0.7966611981391907
